{
  "project_info": {
    "project_number": "641341590835",
    "project_id": "todolisttasya",
    "storage_bucket": "todolisttasya.firebasestorage.app"
  },
  "client": [
    {
      "client_info": {
        "mobilesdk_app_id": "1:641341590835:android:c5ec7f3c2d5d4442650246",
        "android_client_info": {
          "package_name": "com.example.todolisttasya"
        }
      },
      "oauth_client": [],
      "api_key": [
        {
          "current_key": "AIzaSyC_0yHiLiC9IZ26cTmlk5hOCvUmET1dw8g"
        }
      ],
      "services": {
        "appinvite_service": {
          "other_platform_oauth_client": []
        }
      }
    }
  ],
  "configuration_version": "1"
}